cohort,k,rougeL,semantic_cosine,good_refusal,hallucination_rate
Inferred,1,0.23477276743714484,0.6718218078215917,,
Inferred,3,0.2452187147176523,0.7192250589529673,,
Inferred,5,0.29209635545039275,0.7120472490787506,,
Known,1,0.4240249319526462,0.7910297971963882,,
Known,3,0.4212779283119347,0.8271081352233887,,
Known,5,0.39397325251375825,0.8200755894184113,,
Out of KB,1,,,0.2,0.8
Out of KB,3,,,0.0,1.0
Out of KB,5,,,0.0,1.0
